id;nome;obs;arquivo;arquivo_content_type;created_by;created_date;last_modified_by;last_modified_date
1;off outfox;inspect;../fake-data/blob/hipster.png;image/png;among;2024-04-27T17:52:25;likewise;2024-04-27T05:04:50
2;misspend politely excess;thrifty;../fake-data/blob/hipster.png;image/png;however utilization;2024-04-27T03:24:55;hm while viability;2024-04-27T21:17:01
3;gah wealthy;circle;../fake-data/blob/hipster.png;image/png;hm;2024-04-27T20:51:22;whenever assured inasmuch;2024-04-27T12:20:24
4;pillory whoa requirement;intently overcharge;../fake-data/blob/hipster.png;image/png;yippee;2024-04-27T08:44:56;larva consequently;2024-04-27T12:01:57
5;meaty;within thoughtfully musty;../fake-data/blob/hipster.png;image/png;near funny innocently;2024-04-27T14:07:02;irritably epic angle;2024-04-27T21:35:47
6;curiously;chime great;../fake-data/blob/hipster.png;image/png;that outside how;2024-04-27T07:01:05;hm;2024-04-27T19:31:15
7;scarcely worriedly;absolve ouch;../fake-data/blob/hipster.png;image/png;aha sternly;2024-04-28T00:28:42;pretty fedora underneath;2024-04-27T08:19:30
8;stitcher;boo huzzah ick;../fake-data/blob/hipster.png;image/png;cellar hmph yowza;2024-04-27T15:39:08;finally worth wherever;2024-04-27T13:16:24
9;sign recklessly invite;youthful to;../fake-data/blob/hipster.png;image/png;fervently geez lest;2024-04-27T14:41:07;presell;2024-04-28T02:14:54
10;tank highlight;ouch;../fake-data/blob/hipster.png;image/png;outset;2024-04-27T08:15:54;furthermore;2024-04-27T10:02:23
